date,primary_ndvi,anon_polygon_id,crop_type,is_synthetic_gap,year,doy,s2_ndvi,s2_evi,s2_ndwi,landsat_ndvi,landsat_evi,landsat_ndwi,modis_ndvi,modis_evi,era5_temp_c,era5_precip_mm
2018-01-01,0.2601,US-SDU,UNKNOWN,False,2018,1,,,,,,,0.2601,,,
2018-01-17,0.1666,US-SDU,UNKNOWN,False,2018,17,,,,,,,0.1666,,,
2018-02-02,0.1585,US-SDU,UNKNOWN,False,2018,33,,,,,,,0.1585,,,
2018-02-18,0.2162,US-SDU,UNKNOWN,False,2018,49,,,,,,,0.2162,,,
2018-03-06,0.22,US-SDU,UNKNOWN,False,2018,65,,,,,,,0.22,,,
2018-03-22,0.2525,US-SDU,UNKNOWN,False,2018,81,,,,,,,0.2525,,,
2018-04-07,0.2961,US-SDU,UNKNOWN,False,2018,97,,,,,,,0.2961,,,
2018-04-23,0.3446,US-SDU,UNKNOWN,False,2018,113,,,,,,,0.3446,,,
2018-05-09,0.444,US-SDU,UNKNOWN,False,2018,129,,,,,,,0.444,,,
2018-05-25,0.4419,US-SDU,UNKNOWN,False,2018,145,,,,,,,0.4419,,,
2018-06-10,0.4215,US-SDU,UNKNOWN,False,2018,161,,,,,,,0.4215,,,
2018-06-26,0.4184,US-SDU,UNKNOWN,False,2018,177,,,,,,,0.4184,,,
2018-07-12,0.4192,US-SDU,UNKNOWN,False,2018,193,,,,,,,0.4192,,,
2018-07-28,0.4426,US-SDU,UNKNOWN,False,2018,209,,,,,,,0.4426,,,
2018-08-13,0.4399,US-SDU,UNKNOWN,False,2018,225,,,,,,,0.4399,,,
2018-08-29,0.4384,US-SDU,UNKNOWN,False,2018,241,,,,,,,0.4384,,,
2018-09-14,0.4285,US-SDU,UNKNOWN,False,2018,257,,,,,,,0.4285,,,
2018-09-30,0.4193,US-SDU,UNKNOWN,False,2018,273,,,,,,,0.4193,,,
2018-10-16,0.3692,US-SDU,UNKNOWN,False,2018,289,,,,,,,0.3692,,,
2018-11-01,0.3253,US-SDU,UNKNOWN,False,2018,305,,,,,,,0.3253,,,
2018-11-17,0.3103,US-SDU,UNKNOWN,False,2018,321,,,,,,,0.3103,,,
2018-12-03,0.2929,US-SDU,UNKNOWN,False,2018,337,,,,,,,0.2929,,,
2018-12-19,0.2613,US-SDU,UNKNOWN,False,2018,353,,,,,,,0.2613,,,
2019-01-01,0.2349,US-SDU,UNKNOWN,False,2019,1,,,,,,,0.2349,,,
2019-01-17,0.0281,US-SDU,UNKNOWN,False,2019,17,,,,,,,0.0281,,,
2019-02-02,0.1373,US-SDU,UNKNOWN,False,2019,33,,,,,,,0.1373,,,
2019-02-18,0.0194,US-SDU,UNKNOWN,False,2019,49,,,,,,,0.0194,,,
2019-03-06,0.2162,US-SDU,UNKNOWN,False,2019,65,,,,,,,0.2162,,,
2019-03-22,0.2341,US-SDU,UNKNOWN,False,2019,81,,,,,,,0.2341,,,
2019-04-07,0.3047,US-SDU,UNKNOWN,False,2019,97,,,,,,,0.3047,,,
2019-04-23,0.3566,US-SDU,UNKNOWN,False,2019,113,,,,,,,0.3566,,,
2019-05-09,0.4079,US-SDU,UNKNOWN,False,2019,129,,,,,,,0.4079,,,
2019-05-25,0.4586,US-SDU,UNKNOWN,False,2019,145,,,,,,,0.4586,,,
2019-06-10,0.4533,US-SDU,UNKNOWN,False,2019,161,,,,,,,0.4533,,,
2019-06-26,0.448,US-SDU,UNKNOWN,False,2019,177,,,,,,,0.448,,,
2019-07-12,0.4478,US-SDU,UNKNOWN,False,2019,193,,,,,,,0.4478,,,
2019-07-28,0.4318,US-SDU,UNKNOWN,False,2019,209,,,,,,,0.4318,,,
2019-08-13,0.4267,US-SDU,UNKNOWN,False,2019,225,,,,,,,0.4267,,,
2019-08-29,0.4307,US-SDU,UNKNOWN,False,2019,241,,,,,,,0.4307,,,
2019-09-14,0.433,US-SDU,UNKNOWN,False,2019,257,,,,,,,0.433,,,
2019-09-30,0.4105,US-SDU,UNKNOWN,False,2019,273,,,,,,,0.4105,,,
2019-10-16,0.3328,US-SDU,UNKNOWN,False,2019,289,,,,,,,0.3328,,,
2019-11-01,0.3075,US-SDU,UNKNOWN,False,2019,305,,,,,,,0.3075,,,
2019-11-17,0.2883,US-SDU,UNKNOWN,False,2019,321,,,,,,,0.2883,,,
2019-12-03,0.2227,US-SDU,UNKNOWN,False,2019,337,,,,,,,0.2227,,,
2019-12-19,0.2687,US-SDU,UNKNOWN,False,2019,353,,,,,,,0.2687,,,
2020-01-01,0.24,US-SDU,UNKNOWN,False,2020,1,,,,,,,0.24,,,
2020-01-17,0.234,US-SDU,UNKNOWN,False,2020,17,,,,,,,0.234,,,
2020-02-02,0.237,US-SDU,UNKNOWN,False,2020,33,,,,,,,0.237,,,
2020-02-18,0.1396,US-SDU,UNKNOWN,False,2020,49,,,,,,,0.1396,,,
2020-03-05,0.2396,US-SDU,UNKNOWN,False,2020,65,,,,,,,0.2396,,,
2020-03-21,0.2944,US-SDU,UNKNOWN,False,2020,81,,,,,,,0.2944,,,
2020-04-06,0.3208,US-SDU,UNKNOWN,False,2020,97,,,,,,,0.3208,,,
2020-04-22,0.3553,US-SDU,UNKNOWN,False,2020,113,,,,,,,0.3553,,,
2020-05-08,0.395,US-SDU,UNKNOWN,False,2020,129,,,,,,,0.395,,,
2020-05-24,0.4246,US-SDU,UNKNOWN,False,2020,145,,,,,,,0.4246,,,
2020-06-09,0.4376,US-SDU,UNKNOWN,False,2020,161,,,,,,,0.4376,,,
2020-06-25,0.4227,US-SDU,UNKNOWN,False,2020,177,,,,,,,0.4227,,,
2020-07-11,0.4202,US-SDU,UNKNOWN,False,2020,193,,,,,,,0.4202,,,
2020-07-27,0.4155,US-SDU,UNKNOWN,False,2020,209,,,,,,,0.4155,,,
2020-08-12,0.4098,US-SDU,UNKNOWN,False,2020,225,,,,,,,0.4098,,,
2020-08-28,0.4044,US-SDU,UNKNOWN,False,2020,241,,,,,,,0.4044,,,
2020-09-13,0.4081,US-SDU,UNKNOWN,False,2020,257,,,,,,,0.4081,,,
2020-09-29,0.3991,US-SDU,UNKNOWN,False,2020,273,,,,,,,0.3991,,,
2020-10-15,0.3571,US-SDU,UNKNOWN,False,2020,289,,,,,,,0.3571,,,
2020-10-31,0.3206,US-SDU,UNKNOWN,False,2020,305,,,,,,,0.3206,,,
2020-11-16,0.2818,US-SDU,UNKNOWN,False,2020,321,,,,,,,0.2818,,,
2020-12-02,0.1987,US-SDU,UNKNOWN,False,2020,337,,,,,,,0.1987,,,
2020-12-18,,US-SDU,UNKNOWN,False,2020,353,,,,,,,,,,
2021-01-01,0.2493,US-SDU,UNKNOWN,False,2021,1,,,,,,,0.2493,,,
2021-01-17,0.2323,US-SDU,UNKNOWN,False,2021,17,,,,,,,0.2323,,,
2021-02-02,,US-SDU,UNKNOWN,False,2021,33,,,,,,,,,,
2021-02-18,0.2086,US-SDU,UNKNOWN,False,2021,49,,,,,,,0.2086,,,
2021-03-06,0.2131,US-SDU,UNKNOWN,False,2021,65,,,,,,,0.2131,,,
2021-03-22,0.2316,US-SDU,UNKNOWN,False,2021,81,,,,,,,0.2316,,,
2021-04-07,0.2593,US-SDU,UNKNOWN,False,2021,97,,,,,,,0.2593,,,
2021-04-23,0.3582,US-SDU,UNKNOWN,False,2021,113,,,,,,,0.3582,,,
2021-05-09,0.4101,US-SDU,UNKNOWN,False,2021,129,,,,,,,0.4101,,,
2021-05-25,0.4472,US-SDU,UNKNOWN,False,2021,145,,,,,,,0.4472,,,
2021-06-10,0.4425,US-SDU,UNKNOWN,False,2021,161,,,,,,,0.4425,,,
2021-06-26,0.4753,US-SDU,UNKNOWN,False,2021,177,,,,,,,0.4753,,,
2021-07-12,0.4522,US-SDU,UNKNOWN,False,2021,193,,,,,,,0.4522,,,
2021-07-28,0.4541,US-SDU,UNKNOWN,False,2021,209,,,,,,,0.4541,,,
2021-08-13,0.4381,US-SDU,UNKNOWN,False,2021,225,,,,,,,0.4381,,,
2021-08-29,0.4394,US-SDU,UNKNOWN,False,2021,241,,,,,,,0.4394,,,
2021-09-14,0.416,US-SDU,UNKNOWN,False,2021,257,,,,,,,0.416,,,
2021-09-30,0.4117,US-SDU,UNKNOWN,False,2021,273,,,,,,,0.4117,,,
2021-10-16,0.3744,US-SDU,UNKNOWN,False,2021,289,,,,,,,0.3744,,,
2021-11-01,0.3234,US-SDU,UNKNOWN,False,2021,305,,,,,,,0.3234,,,
2021-11-17,0.288,US-SDU,UNKNOWN,False,2021,321,,,,,,,0.288,,,
2021-12-03,0.2772,US-SDU,UNKNOWN,False,2021,337,,,,,,,0.2772,,,
2021-12-19,0.2642,US-SDU,UNKNOWN,False,2021,353,,,,,,,0.2642,,,
2022-01-01,0.043,US-SDU,UNKNOWN,False,2022,1,,,,,,,0.043,,,
2022-01-17,,US-SDU,UNKNOWN,False,2022,17,,,,,,,,,,
2022-02-02,0.0219,US-SDU,UNKNOWN,False,2022,33,,,,,,,0.0219,,,
2022-02-18,0.0941,US-SDU,UNKNOWN,False,2022,49,,,,,,,0.0941,,,
2022-03-06,0.1391,US-SDU,UNKNOWN,False,2022,65,,,,,,,0.1391,,,
2022-03-22,0.242,US-SDU,UNKNOWN,False,2022,81,,,,,,,0.242,,,
2022-04-07,0.2667,US-SDU,UNKNOWN,False,2022,97,,,,,,,0.2667,,,
2022-04-23,0.3177,US-SDU,UNKNOWN,False,2022,113,,,,,,,0.3177,,,
2022-05-09,0.3478,US-SDU,UNKNOWN,False,2022,129,,,,,,,0.3478,,,
2022-05-25,0.4271,US-SDU,UNKNOWN,False,2022,145,,,,,,,0.4271,,,
2022-06-10,0.4384,US-SDU,UNKNOWN,False,2022,161,,,,,,,0.4384,,,
2022-06-26,0.4147,US-SDU,UNKNOWN,False,2022,177,,,,,,,0.4147,,,
2022-07-12,0.4065,US-SDU,UNKNOWN,False,2022,193,,,,,,,0.4065,,,
2022-07-28,0.4084,US-SDU,UNKNOWN,False,2022,209,,,,,,,0.4084,,,
2022-08-13,0.4151,US-SDU,UNKNOWN,False,2022,225,,,,,,,0.4151,,,
2022-08-29,0.4174,US-SDU,UNKNOWN,False,2022,241,,,,,,,0.4174,,,
2022-09-14,0.4293,US-SDU,UNKNOWN,False,2022,257,,,,,,,0.4293,,,
2022-09-30,0.4173,US-SDU,UNKNOWN,False,2022,273,,,,,,,0.4173,,,
2022-10-16,0.3718,US-SDU,UNKNOWN,False,2022,289,,,,,,,0.3718,,,
2022-11-01,0.3295,US-SDU,UNKNOWN,False,2022,305,,,,,,,0.3295,,,
2022-11-17,0.2801,US-SDU,UNKNOWN,False,2022,321,,,,,,,0.2801,,,
2022-12-03,0.2725,US-SDU,UNKNOWN,False,2022,337,,,,,,,0.2725,,,
2022-12-19,0.2351,US-SDU,UNKNOWN,False,2022,353,,,,,,,0.2351,,,
2023-01-01,0.0356,US-SDU,UNKNOWN,False,2023,1,,,,,,,0.0356,,,
2023-01-17,0.0289,US-SDU,UNKNOWN,False,2023,17,,,,,,,0.0289,,,
2023-02-02,0.0539,US-SDU,UNKNOWN,False,2023,33,,,,,,,0.0539,,,
2023-02-18,0.1822,US-SDU,UNKNOWN,False,2023,49,,,,,,,0.1822,,,
2023-03-06,0.2213,US-SDU,UNKNOWN,False,2023,65,,,,,,,0.2213,,,
2023-03-22,0.232,US-SDU,UNKNOWN,False,2023,81,,,,,,,0.232,,,
2023-04-07,0.2445,US-SDU,UNKNOWN,False,2023,97,,,,,,,0.2445,,,
2023-04-23,0.2967,US-SDU,UNKNOWN,False,2023,113,,,,,,,0.2967,,,
2023-05-09,0.3767,US-SDU,UNKNOWN,False,2023,129,,,,,,,0.3767,,,
2023-05-25,0.4525,US-SDU,UNKNOWN,False,2023,145,,,,,,,0.4525,,,
2023-06-10,0.4757,US-SDU,UNKNOWN,False,2023,161,,,,,,,0.4757,,,
2023-06-26,0.4652,US-SDU,UNKNOWN,False,2023,177,,,,,,,0.4652,,,
2023-07-12,0.4577,US-SDU,UNKNOWN,False,2023,193,,,,,,,0.4577,,,
2023-07-28,0.4584,US-SDU,UNKNOWN,False,2023,209,,,,,,,0.4584,,,
2023-08-13,0.4294,US-SDU,UNKNOWN,False,2023,225,,,,,,,0.4294,,,
2023-08-29,0.4337,US-SDU,UNKNOWN,False,2023,241,,,,,,,0.4337,,,
2023-09-14,0.4408,US-SDU,UNKNOWN,False,2023,257,,,,,,,0.4408,,,
2023-09-30,0.4396,US-SDU,UNKNOWN,False,2023,273,,,,,,,0.4396,,,
2023-10-16,0.379,US-SDU,UNKNOWN,False,2023,289,,,,,,,0.379,,,
2023-11-01,0.3406,US-SDU,UNKNOWN,False,2023,305,,,,,,,0.3406,,,
2023-11-17,0.3233,US-SDU,UNKNOWN,False,2023,321,,,,,,,0.3233,,,
2023-12-03,0.2874,US-SDU,UNKNOWN,False,2023,337,,,,,,,0.2874,,,
2023-12-19,0.251,US-SDU,UNKNOWN,False,2023,353,,,,,,,0.251,,,
2024-01-01,0.2279,US-SDU,UNKNOWN,False,2024,1,,,,,,,0.2279,,,
2024-01-17,0.2559,US-SDU,UNKNOWN,False,2024,17,,,,,,,0.2559,,,
2024-02-02,0.0256,US-SDU,UNKNOWN,False,2024,33,,,,,,,0.0256,,,
2024-02-18,0.2296,US-SDU,UNKNOWN,False,2024,49,,,,,,,0.2296,,,
2024-03-05,0.2331,US-SDU,UNKNOWN,False,2024,65,,,,,,,0.2331,,,
2024-03-21,0.2664,US-SDU,UNKNOWN,False,2024,81,,,,,,,0.2664,,,
2024-04-06,0.2958,US-SDU,UNKNOWN,False,2024,97,,,,,,,0.2958,,,
2024-04-22,0.3756,US-SDU,UNKNOWN,False,2024,113,,,,,,,0.3756,,,
2024-05-08,0.4345,US-SDU,UNKNOWN,False,2024,129,,,,,,,0.4345,,,
2024-05-24,0.4547,US-SDU,UNKNOWN,False,2024,145,,,,,,,0.4547,,,
2024-06-09,0.4282,US-SDU,UNKNOWN,False,2024,161,,,,,,,0.4282,,,
2024-06-25,0.4099,US-SDU,UNKNOWN,False,2024,177,,,,,,,0.4099,,,
2024-07-11,0.4262,US-SDU,UNKNOWN,False,2024,193,,,,,,,0.4262,,,
2024-07-27,0.4211,US-SDU,UNKNOWN,False,2024,209,,,,,,,0.4211,,,
2024-08-12,0.4336,US-SDU,UNKNOWN,False,2024,225,,,,,,,0.4336,,,
2024-08-28,0.4319,US-SDU,UNKNOWN,False,2024,241,,,,,,,0.4319,,,
2024-09-13,0.4336,US-SDU,UNKNOWN,False,2024,257,,,,,,,0.4336,,,
2024-09-29,0.4228,US-SDU,UNKNOWN,False,2024,273,,,,,,,0.4228,,,
2024-10-15,0.3869,US-SDU,UNKNOWN,False,2024,289,,,,,,,0.3869,,,
2024-10-31,0.324,US-SDU,UNKNOWN,False,2024,305,,,,,,,0.324,,,
2024-11-16,0.3085,US-SDU,UNKNOWN,False,2024,321,,,,,,,0.3085,,,
2024-12-02,0.2949,US-SDU,UNKNOWN,False,2024,337,,,,,,,0.2949,,,
2024-12-18,0.2826,US-SDU,UNKNOWN,False,2024,353,,,,,,,0.2826,,,
